State,Municipality,Institute,Offered_places,Applications_First_Entry_Male,Applications_First_Entry_Female,Applications_First_Entry_Total,First_Entry_Male,First_Entry_Female,First_Entry_Total,Enrollment_Male,Enrollment_women,Enrollment_Total,All_Graduate_Male,All_Graduate_Female,All_Graduate,Graduate_with_Diploma_Male,Graduate_with_Diploma_Female,Graduate_with_Diploma_Total,Count,period,modality
AGUASCALIENTES,AGUASCALIENTES,UNIVERSIDAD DEL VALLE DE MÉXICO,183.0,84.0,99.0,183.0,84.0,99.0,183.0,339.0,381.0,720.0,38.0,39.0,77.0,38.0,39.0,77.0,1,2016-2017,private-onsite
BAJA CALIFORNIA,MEXICALI,UNIVERSIDAD DEL VALLE DE MÉXICO,310.0,108.0,159.0,267.0,108.0,159.0,267.0,374.0,534.0,908.0,56.0,99.0,155.0,43.0,78.0,121.0,1,2016-2017,private-onsite
CHIAPAS,TUXTLA GUTIÉRREZ,UNIVERSIDAD DEL VALLE DE MÉXICO,564.0,259.0,196.0,455.0,237.0,169.0,406.0,796.0,706.0,1502.0,86.0,100.0,186.0,52.0,69.0,121.0,1,2016-2017,private-onsite
CHIHUAHUA,CHIHUAHUA,UNIVERSIDAD DEL VALLE DE MÉXICO,230.0,110.0,120.0,230.0,110.0,120.0,230.0,405.0,416.0,821.0,27.0,34.0,61.0,16.0,22.0,38.0,1,2016-2017,private-onsite
COAHUILA,SALTILLO,UNIVERSIDAD DEL VALLE DE MÉXICO,400.0,140.0,179.0,319.0,140.0,179.0,319.0,715.0,821.0,1536.0,96.0,97.0,193.0,16.0,4.0,20.0,1,2016-2017,private-onsite
COAHUILA,TORREÓN,UNIVERSIDAD DEL VALLE DE MÉXICO,145.0,53.0,81.0,134.0,50.0,78.0,128.0,280.0,409.0,689.0,68.0,59.0,127.0,56.0,65.0,121.0,1,2016-2017,private-onsite
CIUDAD DE MÉXICO,ÁLVARO OBREGÓN,UNIVERSIDAD DEL VALLE DE MÉXICO,211.0,82.0,87.0,169.0,82.0,87.0,169.0,353.0,282.0,635.0,40.0,40.0,80.0,27.0,26.0,53.0,1,2016-2017,private-onsite
CIUDAD DE MÉXICO,COYOACÁN,UNIVERSIDAD DEL VALLE DE MÉXICO,1689.0,750.0,861.0,1611.0,667.0,678.0,1345.0,2211.0,2376.0,4587.0,395.0,410.0,805.0,194.0,230.0,424.0,1,2016-2017,private-onsite
CIUDAD DE MÉXICO,CUAUHTÉMOC,UNIVERSIDAD DEL VALLE DE MÉXICO,845.0,247.0,224.0,471.0,188.0,179.0,367.0,1471.0,1636.0,3107.0,172.0,179.0,351.0,131.0,181.0,312.0,1,2016-2017,private-onsite
CIUDAD DE MÉXICO,MIGUEL HIDALGO,UNIVERSIDAD DEL VALLE DE MÉXICO,153.0,65.0,88.0,153.0,31.0,72.0,103.0,136.0,238.0,374.0,20.0,31.0,51.0,10.0,13.0,23.0,1,2016-2017,private-onsite
CIUDAD DE MÉXICO,TLALPAN,UNIVERSIDAD DEL VALLE DE MÉXICO,730.0,352.0,346.0,698.0,328.0,321.0,649.0,1187.0,1148.0,2335.0,350.0,362.0,712.0,303.0,306.0,609.0,1,2016-2017,private-onsite
JALISCO,SAN PEDRO TLAQUEPAQUE,UNIVERSIDAD DEL VALLE DE MÉXICO,273.0,163.0,134.0,297.0,163.0,134.0,297.0,681.0,632.0,1313.0,132.0,127.0,259.0,99.0,135.0,234.0,1,2016-2017,private-onsite
JALISCO,ZAPOPAN,UNIVERSIDAD DEL VALLE DE MÉXICO,855.0,213.0,382.0,595.0,175.0,289.0,464.0,1058.0,1244.0,2302.0,156.0,167.0,323.0,36.0,74.0,110.0,1,2016-2017,private-onsite
MÉXICO,COACALCO DE BERRIOZÁBAL,UNIVERSIDAD DEL VALLE DE MÉXICO,898.0,442.0,448.0,890.0,442.0,448.0,890.0,1485.0,1470.0,2955.0,239.0,304.0,543.0,216.0,276.0,492.0,1,2016-2017,private-onsite
MÉXICO,CUAUTITLÁN IZCALLI,UNIVERSIDAD DEL VALLE DE MÉXICO,456.0,244.0,228.0,472.0,168.0,150.0,318.0,649.0,713.0,1362.0,50.0,78.0,128.0,15.0,25.0,40.0,1,2016-2017,private-onsite
MÉXICO,METEPEC,UNIVERSIDAD DEL VALLE DE MÉXICO,963.0,464.0,437.0,901.0,429.0,344.0,773.0,1749.0,1441.0,3190.0,221.0,253.0,474.0,175.0,157.0,332.0,1,2016-2017,private-onsite
MÉXICO,NAUCALPAN DE JUÁREZ,UNIVERSIDAD DEL VALLE DE MÉXICO,1491.0,880.0,611.0,1491.0,638.0,467.0,1105.0,2355.0,2010.0,4365.0,455.0,468.0,923.0,17.0,11.0,28.0,1,2016-2017,private-onsite
MÉXICO,TEXCOCO,UNIVERSIDAD DEL VALLE DE MÉXICO,495.0,245.0,250.0,495.0,208.0,223.0,431.0,750.0,924.0,1674.0,66.0,108.0,174.0,66.0,108.0,174.0,1,2016-2017,private-onsite
MORELOS,TEMIXCO,UNIVERSIDAD DEL VALLE DE MÉXICO,531.0,192.0,155.0,347.0,181.0,139.0,320.0,532.0,476.0,1008.0,41.0,55.0,96.0,13.0,32.0,45.0,1,2016-2017,private-onsite
NUEVO LEÓN,MONTERREY,UNIVERSIDAD DEL VALLE DE MÉXICO,484.0,243.0,241.0,484.0,243.0,241.0,484.0,882.0,842.0,1724.0,209.0,267.0,476.0,25.0,23.0,48.0,1,2016-2017,private-onsite
NUEVO LEÓN,SAN NICOLÁS DE LOS GARZA,UNIVERSIDAD DEL VALLE DE MÉXICO,0.0,0.0,0.0,0.0,0.0,0.0,0.0,12.0,43.0,55.0,0.0,1.0,1.0,0.0,1.0,1.0,1,2016-2017,private-onsite
PUEBLA,SAN ANDRÉS CHOLULA,UNIVERSIDAD DEL VALLE DE MÉXICO,630.0,273.0,308.0,581.0,273.0,308.0,581.0,708.0,804.0,1512.0,109.0,108.0,217.0,104.0,90.0,194.0,1,2016-2017,private-onsite
QUERÉTARO,QUERÉTARO,UNIVERSIDAD DEL VALLE DE MÉXICO,1137.0,501.0,545.0,1046.0,422.0,483.0,905.0,1644.0,2169.0,3813.0,203.0,260.0,463.0,182.0,238.0,420.0,1,2016-2017,private-onsite
SAN LUIS POTOSÍ,SAN LUIS POTOSÍ,UNIVERSIDAD DEL VALLE DE MÉXICO,200.0,65.0,60.0,125.0,65.0,60.0,125.0,253.0,336.0,589.0,4.0,3.0,7.0,4.0,3.0,7.0,1,2016-2017,private-onsite
SONORA,HERMOSILLO,UNIVERSIDAD DEL VALLE DE MÉXICO,838.0,361.0,477.0,838.0,361.0,477.0,838.0,1351.0,1723.0,3074.0,128.0,196.0,324.0,90.0,114.0,204.0,1,2016-2017,private-onsite
TABASCO,CENTRO,UNIVERSIDAD DEL VALLE DE MÉXICO,954.0,516.0,445.0,961.0,509.0,439.0,948.0,869.0,929.0,1798.0,127.0,207.0,334.0,119.0,184.0,303.0,1,2016-2017,private-onsite
TAMAULIPAS,EL MANTE,UNIVERSIDAD DEL VALLE DE MÉXICO,0.0,0.0,0.0,0.0,0.0,0.0,0.0,0.0,0.0,0.0,0.0,0.0,0.0,6.0,4.0,10.0,1,2016-2017,private-onsite
TAMAULIPAS,MATAMOROS,UNIVERSIDAD DEL VALLE DE MÉXICO,0.0,0.0,0.0,0.0,0.0,0.0,0.0,16.0,42.0,58.0,17.0,26.0,43.0,19.0,25.0,44.0,1,2016-2017,private-onsite
TAMAULIPAS,NUEVO LAREDO,UNIVERSIDAD DEL VALLE DE MÉXICO,0.0,0.0,0.0,0.0,0.0,0.0,0.0,0.0,0.0,0.0,0.0,0.0,0.0,52.0,41.0,93.0,1,2016-2017,private-onsite
TAMAULIPAS,REYNOSA,UNIVERSIDAD DEL VALLE DE MÉXICO,154.0,65.0,89.0,154.0,65.0,89.0,154.0,387.0,400.0,787.0,70.0,70.0,140.0,78.0,96.0,174.0,1,2016-2017,private-onsite
TAMAULIPAS,SAN FERNANDO,UNIVERSIDAD DEL VALLE DE MÉXICO,0.0,0.0,0.0,0.0,0.0,0.0,0.0,0.0,0.0,0.0,0.0,0.0,0.0,6.0,5.0,11.0,1,2016-2017,private-onsite
TAMAULIPAS,TAMPICO,UNIVERSIDAD DEL VALLE DE MÉXICO,0.0,0.0,0.0,0.0,0.0,0.0,0.0,97.0,35.0,132.0,43.0,34.0,77.0,25.0,18.0,43.0,1,2016-2017,private-onsite
TAMAULIPAS,VICTORIA,UNIVERSIDAD DEL VALLE DE MÉXICO,143.0,63.0,80.0,143.0,63.0,80.0,143.0,306.0,352.0,658.0,25.0,24.0,49.0,44.0,47.0,91.0,1,2016-2017,private-onsite
VERACRUZ,BOCA DEL RÍO,UNIVERSIDAD DEL VALLE DE MÉXICO,723.0,312.0,392.0,704.0,303.0,358.0,661.0,1219.0,1413.0,2632.0,112.0,154.0,266.0,57.0,61.0,118.0,1,2016-2017,private-onsite
VERACRUZ,COATZACOALCOS,UNIVERSIDAD DEL VALLE DE MÉXICO,0.0,0.0,0.0,0.0,0.0,0.0,0.0,0.0,0.0,0.0,0.0,0.0,0.0,8.0,20.0,28.0,1,2016-2017,private-onsite
VERACRUZ,VERACRUZ,UNIVERSIDAD DEL VALLE DE MÉXICO,130.0,47.0,93.0,140.0,47.0,93.0,140.0,240.0,403.0,643.0,22.0,34.0,56.0,0.0,0.0,0.0,1,2016-2017,private-onsite
YUCATÁN,MÉRIDA,UNIVERSIDAD DEL VALLE DE MÉXICO,456.0,153.0,199.0,352.0,147.0,189.0,336.0,501.0,637.0,1138.0,100.0,87.0,187.0,90.0,65.0,155.0,1,2016-2017,private-onsite
AGUASCALIENTES,AGUASCALIENTES,UNIVERSIDAD DEL VALLE DE MÉXICO,246.0,118.0,128.0,246.0,91.0,99.0,190.0,401.0,341.0,742.0,22.0,23.0,45.0,22.0,23.0,45.0,1,2017-2018,private-onsite
BAJA CALIFORNIA,MEXICALI,UNIVERSIDAD DEL VALLE DE MÉXICO,330.0,146.0,156.0,302.0,99.0,115.0,214.0,367.0,512.0,879.0,39.0,58.0,97.0,16.0,59.0,75.0,1,2017-2018,private-onsite
CHIAPAS,TUXTLA GUTIÉRREZ,UNIVERSIDAD DEL VALLE DE MÉXICO,478.0,247.0,156.0,403.0,220.0,134.0,354.0,848.0,728.0,1576.0,107.0,102.0,209.0,60.0,54.0,114.0,1,2017-2018,private-onsite
CHIHUAHUA,CHIHUAHUA,UNIVERSIDAD DEL VALLE DE MÉXICO,179.0,86.0,91.0,177.0,86.0,91.0,177.0,329.0,489.0,818.0,132.0,153.0,285.0,0.0,0.0,0.0,1,2017-2018,private-onsite
COAHUILA,SALTILLO,UNIVERSIDAD DEL VALLE DE MÉXICO,406.0,202.0,155.0,357.0,154.0,140.0,294.0,630.0,678.0,1308.0,141.0,151.0,292.0,56.0,55.0,111.0,1,2017-2018,private-onsite
COAHUILA,TORREÓN,UNIVERSIDAD DEL VALLE DE MÉXICO,91.0,55.0,36.0,91.0,40.0,27.0,67.0,224.0,293.0,517.0,48.0,125.0,173.0,32.0,66.0,98.0,1,2017-2018,private-onsite
CIUDAD DE MÉXICO,ÁLVARO OBREGÓN,UNIVERSIDAD DEL VALLE DE MÉXICO,186.0,71.0,67.0,138.0,71.0,67.0,138.0,342.0,277.0,619.0,76.0,73.0,149.0,44.0,49.0,93.0,1,2017-2018,private-onsite
CIUDAD DE MÉXICO,COYOACÁN,UNIVERSIDAD DEL VALLE DE MÉXICO,1860.0,595.0,512.0,1107.0,564.0,386.0,950.0,2454.0,2224.0,4678.0,275.0,452.0,727.0,225.0,302.0,527.0,1,2017-2018,private-onsite
CIUDAD DE MÉXICO,CUAUHTÉMOC,UNIVERSIDAD DEL VALLE DE MÉXICO,525.0,194.0,174.0,368.0,150.0,129.0,279.0,1400.0,1595.0,2995.0,197.0,316.0,513.0,91.0,132.0,223.0,1,2017-2018,private-onsite
CIUDAD DE MÉXICO,MIGUEL HIDALGO,UNIVERSIDAD DEL VALLE DE MÉXICO,243.0,104.0,124.0,228.0,64.0,125.0,189.0,339.0,501.0,840.0,68.0,69.0,137.0,68.0,116.0,184.0,1,2017-2018,private-onsite
CIUDAD DE MÉXICO,TLALPAN,UNIVERSIDAD DEL VALLE DE MÉXICO,391.0,185.0,163.0,348.0,168.0,116.0,284.0,1053.0,948.0,2001.0,331.0,371.0,702.0,267.0,309.0,576.0,1,2017-2018,private-onsite
JALISCO,SAN PEDRO TLAQUEPAQUE,UNIVERSIDAD DEL VALLE DE MÉXICO,273.0,0.0,0.0,0.0,144.0,82.0,226.0,659.0,542.0,1201.0,145.0,156.0,301.0,52.0,97.0,149.0,1,2017-2018,private-onsite
JALISCO,ZAPOPAN,UNIVERSIDAD DEL VALLE DE MÉXICO,720.0,406.0,342.0,748.0,313.0,294.0,607.0,1374.0,1393.0,2767.0,126.0,153.0,279.0,163.0,148.0,311.0,1,2017-2018,private-onsite
MÉXICO,COACALCO DE BERRIOZÁBAL,UNIVERSIDAD DEL VALLE DE MÉXICO,945.0,524.0,421.0,945.0,524.0,421.0,945.0,1509.0,1292.0,2801.0,415.0,390.0,805.0,240.0,236.0,476.0,1,2017-2018,private-onsite
MÉXICO,CUAUTITLÁN IZCALLI,UNIVERSIDAD DEL VALLE DE MÉXICO,2798.0,1475.0,1323.0,2798.0,685.0,646.0,1331.0,1316.0,1521.0,2837.0,104.0,129.0,233.0,29.0,22.0,51.0,1,2017-2018,private-onsite
MÉXICO,METEPEC,UNIVERSIDAD DEL VALLE DE MÉXICO,2993.0,1383.0,1162.0,2545.0,402.0,315.0,717.0,1453.0,1261.0,2714.0,53.0,71.0,124.0,141.0,106.0,247.0,1,2017-2018,private-onsite
MÉXICO,NAUCALPAN DE JUÁREZ,UNIVERSIDAD DEL VALLE DE MÉXICO,2180.0,575.0,899.0,1474.0,504.0,396.0,900.0,2162.0,1866.0,4028.0,200.0,157.0,357.0,171.0,118.0,289.0,1,2017-2018,private-onsite
MÉXICO,TEXCOCO,UNIVERSIDAD DEL VALLE DE MÉXICO,597.0,277.0,320.0,597.0,223.0,247.0,470.0,744.0,952.0,1696.0,94.0,129.0,223.0,92.0,126.0,218.0,1,2017-2018,private-onsite
MORELOS,TEMIXCO,UNIVERSIDAD DEL VALLE DE MÉXICO,359.0,181.0,176.0,357.0,132.0,104.0,236.0,545.0,463.0,1008.0,83.0,60.0,143.0,49.0,20.0,69.0,1,2017-2018,private-onsite
NUEVO LEÓN,MONTERREY,UNIVERSIDAD DEL VALLE DE MÉXICO,399.0,237.0,162.0,399.0,237.0,162.0,399.0,916.0,773.0,1689.0,236.0,260.0,496.0,236.0,260.0,496.0,1,2017-2018,private-onsite
NUEVO LEÓN,SAN NICOLÁS DE LOS GARZA,UNIVERSIDAD DEL VALLE DE MÉXICO,0.0,0.0,0.0,0.0,0.0,0.0,0.0,5.0,4.0,9.0,19.0,15.0,34.0,16.0,12.0,28.0,1,2017-2018,private-onsite
PUEBLA,SAN ANDRÉS CHOLULA,UNIVERSIDAD DEL VALLE DE MÉXICO,1019.0,485.0,386.0,871.0,462.0,416.0,878.0,1142.0,1073.0,2215.0,100.0,127.0,227.0,53.0,64.0,117.0,1,2017-2018,private-onsite
QUERÉTARO,QUERÉTARO,UNIVERSIDAD DEL VALLE DE MÉXICO,853.0,405.0,458.0,863.0,354.0,436.0,790.0,1637.0,2146.0,3783.0,191.0,271.0,462.0,193.0,246.0,439.0,1,2017-2018,private-onsite
SAN LUIS POTOSÍ,SAN LUIS POTOSÍ,UNIVERSIDAD DEL VALLE DE MÉXICO,295.0,113.0,171.0,284.0,113.0,171.0,284.0,306.0,465.0,771.0,33.0,81.0,114.0,63.0,102.0,165.0,1,2017-2018,private-onsite
SONORA,HERMOSILLO,UNIVERSIDAD DEL VALLE DE MÉXICO,748.0,321.0,427.0,748.0,321.0,427.0,748.0,1278.0,1646.0,2924.0,150.0,177.0,327.0,149.0,230.0,379.0,1,2017-2018,private-onsite
TABASCO,CENTRO,UNIVERSIDAD DEL VALLE DE MÉXICO,554.0,243.0,233.0,476.0,240.0,183.0,423.0,996.0,1055.0,2051.0,84.0,118.0,202.0,38.0,56.0,94.0,1,2017-2018,private-onsite
TAMAULIPAS,EL MANTE,UNIVERSIDAD DEL VALLE DE MÉXICO,0.0,0.0,0.0,0.0,0.0,0.0,0.0,0.0,0.0,0.0,0.0,0.0,0.0,2.0,0.0,2.0,1,2017-2018,private-onsite
TAMAULIPAS,MATAMOROS,UNIVERSIDAD DEL VALLE DE MÉXICO,0.0,0.0,0.0,0.0,0.0,0.0,0.0,0.0,4.0,4.0,16.0,41.0,57.0,25.0,34.0,59.0,1,2017-2018,private-onsite
TAMAULIPAS,NUEVO LAREDO,UNIVERSIDAD DEL VALLE DE MÉXICO,0.0,0.0,0.0,0.0,0.0,0.0,0.0,12.0,33.0,45.0,17.0,35.0,52.0,68.0,67.0,135.0,1,2017-2018,private-onsite
TAMAULIPAS,REYNOSA,UNIVERSIDAD DEL VALLE DE MÉXICO,395.0,162.0,233.0,395.0,162.0,233.0,395.0,609.0,791.0,1400.0,109.0,141.0,250.0,85.0,107.0,192.0,1,2017-2018,private-onsite
TAMAULIPAS,SAN FERNANDO,UNIVERSIDAD DEL VALLE DE MÉXICO,0.0,0.0,0.0,0.0,0.0,0.0,0.0,0.0,0.0,0.0,0.0,0.0,0.0,0.0,2.0,2.0,1,2017-2018,private-onsite
TAMAULIPAS,TAMPICO,UNIVERSIDAD DEL VALLE DE MÉXICO,0.0,0.0,0.0,0.0,0.0,0.0,0.0,60.0,26.0,86.0,12.0,2.0,14.0,20.0,18.0,38.0,1,2017-2018,private-onsite
TAMAULIPAS,VICTORIA,UNIVERSIDAD DEL VALLE DE MÉXICO,114.0,48.0,66.0,114.0,48.0,66.0,114.0,306.0,346.0,652.0,48.0,51.0,99.0,48.0,51.0,99.0,1,2017-2018,private-onsite
VERACRUZ,BOCA DEL RÍO,UNIVERSIDAD DEL VALLE DE MÉXICO,811.0,370.0,423.0,793.0,319.0,373.0,692.0,1335.0,1675.0,3010.0,169.0,212.0,381.0,79.0,99.0,178.0,1,2017-2018,private-onsite
VERACRUZ,VERACRUZ,UNIVERSIDAD DEL VALLE DE MÉXICO,160.0,75.0,90.0,165.0,58.0,82.0,140.0,247.0,363.0,610.0,35.0,42.0,77.0,11.0,29.0,40.0,1,2017-2018,private-onsite
YUCATÁN,MÉRIDA,UNIVERSIDAD DEL VALLE DE MÉXICO,310.0,149.0,163.0,312.0,118.0,130.0,248.0,437.0,530.0,967.0,63.0,94.0,157.0,34.0,37.0,71.0,1,2017-2018,private-onsite
AGUASCALIENTES,AGUASCALIENTES,UNIVERSIDAD DEL VALLE DE MÉXICO,201.0,91.0,58.0,149.0,76.0,56.0,132.0,340.0,350.0,690.0,51.0,46.0,97.0,5.0,7.0,12.0,1,2018-2019,private-onsite
BAJA CALIFORNIA,MEXICALI,UNIVERSIDAD DEL VALLE DE MÉXICO,255.0,103.0,118.0,221.0,83.0,95.0,178.0,319.0,426.0,745.0,37.0,62.0,99.0,13.0,24.0,37.0,1,2018-2019,private-onsite
CHIAPAS,TUXTLA GUTIÉRREZ,UNIVERSIDAD DEL VALLE DE MÉXICO,429.0,213.0,181.0,394.0,173.0,150.0,323.0,764.0,646.0,1410.0,80.0,91.0,171.0,112.0,98.0,210.0,1,2018-2019,private-onsite
CHIHUAHUA,CHIHUAHUA,UNIVERSIDAD DEL VALLE DE MÉXICO,133.0,54.0,78.0,132.0,54.0,78.0,132.0,293.0,397.0,690.0,35.0,32.0,67.0,29.0,69.0,98.0,1,2018-2019,private-onsite
COAHUILA,SALTILLO,UNIVERSIDAD DEL VALLE DE MÉXICO,208.0,87.0,112.0,199.0,87.0,112.0,199.0,518.0,568.0,1086.0,62.0,83.0,145.0,43.0,76.0,119.0,1,2018-2019,private-onsite
COAHUILA,TORREÓN,UNIVERSIDAD DEL VALLE DE MÉXICO,83.0,62.0,66.0,128.0,27.0,39.0,66.0,144.0,200.0,344.0,51.0,77.0,128.0,45.0,79.0,124.0,1,2018-2019,private-onsite
CIUDAD DE MÉXICO,ÁLVARO OBREGÓN,UNIVERSIDAD DEL VALLE DE MÉXICO,177.0,73.0,56.0,129.0,73.0,56.0,129.0,322.0,265.0,587.0,60.0,50.0,110.0,43.0,32.0,75.0,1,2018-2019,private-onsite
CIUDAD DE MÉXICO,COYOACÁN,UNIVERSIDAD DEL VALLE DE MÉXICO,1374.0,575.0,631.0,1206.0,461.0,539.0,1000.0,1797.0,1980.0,3777.0,378.0,362.0,740.0,118.0,100.0,218.0,1,2018-2019,private-onsite
CIUDAD DE MÉXICO,CUAUHTÉMOC,UNIVERSIDAD DEL VALLE DE MÉXICO,539.0,211.0,191.0,402.0,161.0,154.0,315.0,1106.0,1408.0,2514.0,258.0,316.0,574.0,129.0,133.0,262.0,1,2018-2019,private-onsite
CIUDAD DE MÉXICO,MIGUEL HIDALGO,UNIVERSIDAD DEL VALLE DE MÉXICO,190.0,92.0,112.0,204.0,58.0,105.0,163.0,312.0,462.0,774.0,60.0,89.0,149.0,75.0,124.0,199.0,1,2018-2019,private-onsite
CIUDAD DE MÉXICO,TLALPAN,UNIVERSIDAD DEL VALLE DE MÉXICO,560.0,265.0,261.0,526.0,233.0,219.0,452.0,1073.0,1027.0,2100.0,113.0,137.0,250.0,76.0,87.0,163.0,1,2018-2019,private-onsite
JALISCO,SAN PEDRO TLAQUEPAQUE,UNIVERSIDAD DEL VALLE DE MÉXICO,277.0,145.0,92.0,237.0,140.0,76.0,216.0,397.0,224.0,621.0,18.0,17.0,35.0,60.0,61.0,121.0,1,2018-2019,private-onsite
JALISCO,ZAPOPAN,UNIVERSIDAD DEL VALLE DE MÉXICO,1052.0,440.0,351.0,791.0,216.0,216.0,432.0,1141.0,1240.0,2381.0,127.0,122.0,249.0,2.0,7.0,9.0,1,2018-2019,private-onsite
MÉXICO,COACALCO DE BERRIOZÁBAL,UNIVERSIDAD DEL VALLE DE MÉXICO,569.0,441.0,582.0,1023.0,303.0,307.0,610.0,1206.0,1329.0,2535.0,332.0,444.0,776.0,41.0,38.0,79.0,1,2018-2019,private-onsite
MÉXICO,CUAUTITLÁN IZCALLI,UNIVERSIDAD DEL VALLE DE MÉXICO,2544.0,1351.0,1191.0,2542.0,1159.0,1100.0,2259.0,2512.0,2291.0,4803.0,60.0,93.0,153.0,49.0,75.0,124.0,1,2018-2019,private-onsite
MÉXICO,METEPEC,UNIVERSIDAD DEL VALLE DE MÉXICO,613.0,319.0,244.0,563.0,319.0,244.0,563.0,1318.0,1142.0,2460.0,68.0,63.0,131.0,8.0,3.0,11.0,1,2018-2019,private-onsite
MÉXICO,NAUCALPAN DE JUÁREZ,UNIVERSIDAD DEL VALLE DE MÉXICO,1183.0,420.0,371.0,791.0,420.0,371.0,791.0,2304.0,2126.0,4430.0,321.0,346.0,667.0,287.0,314.0,601.0,1,2018-2019,private-onsite
MÉXICO,TEXCOCO,UNIVERSIDAD DEL VALLE DE MÉXICO,569.0,272.0,292.0,564.0,180.0,244.0,424.0,692.0,927.0,1619.0,89.0,105.0,194.0,75.0,92.0,167.0,1,2018-2019,private-onsite
MORELOS,TEMIXCO,UNIVERSIDAD DEL VALLE DE MÉXICO,375.0,174.0,159.0,333.0,114.0,110.0,224.0,486.0,466.0,952.0,67.0,67.0,134.0,154.0,108.0,262.0,1,2018-2019,private-onsite
NUEVO LEÓN,MONTERREY,UNIVERSIDAD DEL VALLE DE MÉXICO,618.0,377.0,241.0,618.0,377.0,241.0,618.0,1352.0,937.0,2289.0,236.0,269.0,505.0,14.0,30.0,44.0,1,2018-2019,private-onsite
NUEVO LEÓN,SAN NICOLÁS DE LOS GARZA,UNIVERSIDAD DEL VALLE DE MÉXICO,0.0,0.0,0.0,0.0,0.0,0.0,0.0,6.0,42.0,48.0,16.0,18.0,34.0,9.0,12.0,21.0,1,2018-2019,private-onsite
PUEBLA,SAN ANDRÉS CHOLULA,UNIVERSIDAD DEL VALLE DE MÉXICO,375.0,222.0,152.0,374.0,222.0,152.0,374.0,693.0,673.0,1366.0,55.0,104.0,159.0,67.0,119.0,186.0,1,2018-2019,private-onsite
QUERÉTARO,QUERÉTARO,UNIVERSIDAD DEL VALLE DE MÉXICO,852.0,328.0,495.0,823.0,311.0,471.0,782.0,1596.0,2205.0,3801.0,207.0,363.0,570.0,191.0,312.0,503.0,1,2018-2019,private-onsite
SAN LUIS POTOSÍ,SAN LUIS POTOSÍ,UNIVERSIDAD DEL VALLE DE MÉXICO,157.0,81.0,76.0,157.0,67.0,74.0,141.0,287.0,364.0,651.0,26.0,60.0,86.0,30.0,67.0,97.0,1,2018-2019,private-onsite
SONORA,CAJEME,UNIVERSIDAD DEL VALLE DE MÉXICO,0.0,0.0,0.0,0.0,0.0,0.0,0.0,10.0,9.0,19.0,0.0,0.0,0.0,0.0,0.0,0.0,1,2018-2019,private-onsite
SONORA,HERMOSILLO,UNIVERSIDAD DEL VALLE DE MÉXICO,567.0,250.0,317.0,567.0,250.0,317.0,567.0,1113.0,1470.0,2583.0,72.0,98.0,170.0,60.0,78.0,138.0,1,2018-2019,private-onsite
TABASCO,CENTRO,UNIVERSIDAD DEL VALLE DE MÉXICO,801.0,348.0,443.0,791.0,334.0,415.0,749.0,1110.0,1415.0,2525.0,113.0,167.0,280.0,11.0,21.0,32.0,1,2018-2019,private-onsite
TAMAULIPAS,EL MANTE,UNIVERSIDAD DEL VALLE DE MÉXICO,0.0,0.0,0.0,0.0,0.0,0.0,0.0,0.0,0.0,0.0,0.0,0.0,0.0,0.0,2.0,2.0,1,2018-2019,private-onsite
TAMAULIPAS,MATAMOROS,UNIVERSIDAD DEL VALLE DE MÉXICO,0.0,0.0,0.0,0.0,0.0,0.0,0.0,0.0,0.0,0.0,2.0,0.0,2.0,9.0,0.0,9.0,1,2018-2019,private-onsite
TAMAULIPAS,NUEVO LAREDO,UNIVERSIDAD DEL VALLE DE MÉXICO,0.0,0.0,0.0,0.0,0.0,0.0,0.0,8.0,17.0,25.0,11.0,11.0,22.0,54.0,52.0,106.0,1,2018-2019,private-onsite
TAMAULIPAS,REYNOSA,UNIVERSIDAD DEL VALLE DE MÉXICO,295.0,110.0,185.0,295.0,108.0,176.0,284.0,522.0,791.0,1313.0,116.0,134.0,250.0,27.0,47.0,74.0,1,2018-2019,private-onsite
TAMAULIPAS,SAN FERNANDO,UNIVERSIDAD DEL VALLE DE MÉXICO,0.0,0.0,0.0,0.0,0.0,0.0,0.0,0.0,0.0,0.0,0.0,0.0,0.0,0.0,0.0,0.0,1,2018-2019,private-onsite
TAMAULIPAS,TAMPICO,UNIVERSIDAD DEL VALLE DE MÉXICO,0.0,0.0,0.0,0.0,0.0,0.0,0.0,17.0,1.0,18.0,17.0,10.0,27.0,32.0,22.0,54.0,1,2018-2019,private-onsite
TAMAULIPAS,VICTORIA,UNIVERSIDAD DEL VALLE DE MÉXICO,221.0,81.0,140.0,221.0,81.0,140.0,221.0,381.0,532.0,913.0,57.0,74.0,131.0,39.0,41.0,80.0,1,2018-2019,private-onsite
VERACRUZ,BOCA DEL RÍO,UNIVERSIDAD DEL VALLE DE MÉXICO,755.0,2408.0,2483.0,4891.0,275.0,365.0,640.0,1135.0,1431.0,2566.0,168.0,216.0,384.0,202.0,231.0,433.0,1,2018-2019,private-onsite
VERACRUZ,COATZACOALCOS,UNIVERSIDAD DEL VALLE DE MÉXICO,0.0,0.0,0.0,0.0,0.0,0.0,0.0,0.0,0.0,0.0,0.0,0.0,0.0,0.0,0.0,0.0,1,2018-2019,private-onsite
VERACRUZ,VERACRUZ,UNIVERSIDAD DEL VALLE DE MÉXICO,170.0,1060.0,1241.0,2301.0,52.0,95.0,147.0,230.0,364.0,594.0,39.0,63.0,102.0,16.0,31.0,47.0,1,2018-2019,private-onsite
YUCATÁN,MÉRIDA,UNIVERSIDAD DEL VALLE DE MÉXICO,300.0,117.0,157.0,274.0,115.0,155.0,270.0,439.0,570.0,1009.0,110.0,116.0,226.0,106.0,109.0,215.0,1,2018-2019,private-onsite
AGUASCALIENTES,AGUASCALIENTES,UNIVERSIDAD DEL VALLE DE MÉXICO,182.0,91.0,75.0,166.0,67.0,62.0,129.0,273.0,268.0,541.0,32.0,41.0,73.0,16.0,20.0,36.0,1,2019-2020,private-onsite
BAJA CALIFORNIA,MEXICALI,UNIVERSIDAD DEL VALLE DE MÉXICO,238.0,74.0,97.0,171.0,65.0,84.0,149.0,294.0,401.0,695.0,78.0,114.0,192.0,97.0,140.0,237.0,1,2019-2020,private-onsite
CHIAPAS,TUXTLA GUTIÉRREZ,UNIVERSIDAD DEL VALLE DE MÉXICO,359.0,193.0,173.0,366.0,165.0,137.0,302.0,709.0,608.0,1317.0,98.0,111.0,209.0,60.0,76.0,136.0,1,2019-2020,private-onsite
CHIHUAHUA,CHIHUAHUA,UNIVERSIDAD DEL VALLE DE MÉXICO,198.0,91.0,106.0,197.0,91.0,106.0,197.0,418.0,517.0,935.0,46.0,64.0,110.0,37.0,69.0,106.0,1,2019-2020,private-onsite
CIUDAD DE MÉXICO,COYOACÁN,UNIVERSIDAD DEL VALLE DE MÉXICO,1465.0,563.0,799.0,1362.0,563.0,799.0,1362.0,2631.0,2870.0,5501.0,65.0,22.0,87.0,65.0,39.0,104.0,1,2019-2020,private-onsite
CIUDAD DE MÉXICO,CUAJIMALPA DE MORELOS,UNIVERSIDAD DEL VALLE DE MÉXICO,0.0,0.0,0.0,0.0,0.0,0.0,0.0,0.0,0.0,0.0,0.0,0.0,0.0,3.0,0.0,3.0,1,2019-2020,private-onsite
CIUDAD DE MÉXICO,CUAUHTÉMOC,UNIVERSIDAD DEL VALLE DE MÉXICO,351.0,128.0,98.0,226.0,78.0,70.0,148.0,206.0,175.0,381.0,76.0,69.0,145.0,56.0,54.0,110.0,1,2019-2020,private-onsite
CIUDAD DE MÉXICO,CUAUHTÉMOC,UNIVERSIDAD DEL VALLE DE MÉXICO,267.0,101.0,82.0,183.0,101.0,82.0,183.0,1476.0,1616.0,3092.0,113.0,108.0,221.0,120.0,155.0,275.0,1,2019-2020,private-onsite
CIUDAD DE MÉXICO,MIGUEL HIDALGO,UNIVERSIDAD DEL VALLE DE MÉXICO,282.0,113.0,186.0,299.0,95.0,155.0,250.0,292.0,493.0,785.0,44.0,75.0,119.0,17.0,20.0,37.0,1,2019-2020,private-onsite
CIUDAD DE MÉXICO,TLALPAN,UNIVERSIDAD DEL VALLE DE MÉXICO,657.0,298.0,274.0,572.0,262.0,256.0,518.0,1381.0,1375.0,2756.0,309.0,290.0,599.0,232.0,190.0,422.0,1,2019-2020,private-onsite
CIUDAD DE MÉXICO,ÁLVARO OBREGÓN,UNIVERSIDAD DEL VALLE DE MÉXICO,112.0,64.0,48.0,112.0,38.0,24.0,62.0,259.0,199.0,458.0,77.0,48.0,125.0,48.0,30.0,78.0,1,2019-2020,private-onsite
COAHUILA,SALTILLO,UNIVERSIDAD DEL VALLE DE MÉXICO,377.0,158.0,162.0,320.0,75.0,96.0,171.0,423.0,475.0,898.0,57.0,78.0,135.0,66.0,84.0,150.0,1,2019-2020,private-onsite
COAHUILA,TORREÓN,UNIVERSIDAD DEL VALLE DE MÉXICO,137.0,55.0,53.0,108.0,51.0,50.0,101.0,201.0,257.0,458.0,49.0,89.0,138.0,100.0,166.0,266.0,1,2019-2020,private-onsite
JALISCO,SAN PEDRO TLAQUEPAQUE,UNIVERSIDAD DEL VALLE DE MÉXICO,363.0,201.0,138.0,339.0,132.0,86.0,218.0,557.0,416.0,973.0,93.0,117.0,210.0,50.0,58.0,108.0,1,2019-2020,private-onsite
JALISCO,ZAPOPAN,UNIVERSIDAD DEL VALLE DE MÉXICO,650.0,263.0,224.0,487.0,230.0,167.0,397.0,717.0,646.0,1363.0,139.0,196.0,335.0,364.0,393.0,757.0,1,2019-2020,private-onsite
MORELOS,TEMIXCO,UNIVERSIDAD DEL VALLE DE MÉXICO,350.0,144.0,149.0,293.0,91.0,100.0,191.0,420.0,411.0,831.0,59.0,87.0,146.0,35.0,38.0,73.0,1,2019-2020,private-onsite
MÉXICO,COACALCO DE BERRIOZÁBAL,UNIVERSIDAD DEL VALLE DE MÉXICO,749.0,2291.0,2547.0,4838.0,370.0,379.0,749.0,2522.0,2705.0,5227.0,230.0,277.0,507.0,141.0,159.0,300.0,1,2019-2020,private-onsite
MÉXICO,CUAUTITLÁN IZCALLI,UNIVERSIDAD DEL VALLE DE MÉXICO,231.0,118.0,114.0,232.0,94.0,89.0,183.0,326.0,338.0,664.0,57.0,65.0,122.0,35.0,32.0,67.0,1,2019-2020,private-onsite
MÉXICO,METEPEC,UNIVERSIDAD DEL VALLE DE MÉXICO,821.0,423.0,330.0,753.0,415.0,315.0,730.0,1282.0,1078.0,2360.0,234.0,208.0,442.0,111.0,85.0,196.0,1,2019-2020,private-onsite
MÉXICO,NAUCALPAN DE JUÁREZ,UNIVERSIDAD DEL VALLE DE MÉXICO,879.0,610.0,489.0,1099.0,521.0,411.0,932.0,2076.0,1848.0,3924.0,436.0,549.0,985.0,366.0,368.0,734.0,1,2019-2020,private-onsite
MÉXICO,TEXCOCO,UNIVERSIDAD DEL VALLE DE MÉXICO,457.0,226.0,259.0,485.0,174.0,220.0,394.0,684.0,894.0,1578.0,82.0,178.0,260.0,86.0,195.0,281.0,1,2019-2020,private-onsite
NUEVO LEÓN,MONTERREY,UNIVERSIDAD DEL VALLE DE MÉXICO,538.0,323.0,215.0,538.0,323.0,215.0,538.0,1986.0,1688.0,3674.0,407.0,417.0,824.0,248.0,274.0,522.0,1,2019-2020,private-onsite
NUEVO LEÓN,SAN NICOLÁS DE LOS GARZA,UNIVERSIDAD DEL VALLE DE MÉXICO,50.0,16.0,10.0,26.0,16.0,10.0,26.0,47.0,41.0,88.0,6.0,8.0,14.0,3.0,3.0,6.0,1,2019-2020,private-onsite
PUEBLA,SAN ANDRÉS CHOLULA,UNIVERSIDAD DEL VALLE DE MÉXICO,366.0,180.0,126.0,306.0,178.0,119.0,297.0,741.0,630.0,1371.0,62.0,84.0,146.0,51.0,82.0,133.0,1,2019-2020,private-onsite
QUERÉTARO,QUERÉTARO,UNIVERSIDAD DEL VALLE DE MÉXICO,918.0,436.0,561.0,997.0,433.0,558.0,991.0,1764.0,2359.0,4123.0,272.0,407.0,679.0,176.0,250.0,426.0,1,2019-2020,private-onsite
SAN LUIS POTOSÍ,SAN LUIS POTOSÍ,UNIVERSIDAD DEL VALLE DE MÉXICO,206.0,58.0,78.0,136.0,37.0,54.0,91.0,269.0,375.0,644.0,47.0,77.0,124.0,92.0,167.0,259.0,1,2019-2020,private-onsite
SONORA,CAJEME,UNIVERSIDAD DEL VALLE DE MÉXICO,0.0,0.0,0.0,0.0,0.0,0.0,0.0,4.0,2.0,6.0,0.0,0.0,0.0,0.0,0.0,0.0,1,2019-2020,private-onsite
SONORA,HERMOSILLO,UNIVERSIDAD DEL VALLE DE MÉXICO,710.0,284.0,426.0,710.0,284.0,426.0,710.0,1026.0,1390.0,2416.0,148.0,158.0,306.0,86.0,154.0,240.0,1,2019-2020,private-onsite
SONORA,NOGALES,UNIVERSIDAD DEL VALLE DE MÉXICO,48.0,14.0,33.0,47.0,10.0,25.0,35.0,43.0,83.0,126.0,27.0,43.0,70.0,21.0,26.0,47.0,1,2019-2020,private-onsite
TABASCO,CENTRO,UNIVERSIDAD DEL VALLE DE MÉXICO,938.0,335.0,427.0,762.0,323.0,418.0,741.0,1153.0,1482.0,2635.0,156.0,194.0,350.0,103.0,142.0,245.0,1,2019-2020,private-onsite
TAMAULIPAS,REYNOSA,UNIVERSIDAD DEL VALLE DE MÉXICO,343.0,128.0,215.0,343.0,128.0,215.0,343.0,452.0,767.0,1219.0,128.0,195.0,323.0,91.0,117.0,208.0,1,2019-2020,private-onsite
TAMAULIPAS,TAMPICO,UNIVERSIDAD DEL VALLE DE MÉXICO,81.0,75.0,77.0,152.0,65.0,62.0,127.0,190.0,184.0,374.0,44.0,63.0,107.0,59.0,60.0,119.0,1,2019-2020,private-onsite
TAMAULIPAS,VICTORIA,UNIVERSIDAD DEL VALLE DE MÉXICO,175.0,57.0,116.0,173.0,57.0,116.0,173.0,327.0,492.0,819.0,27.0,74.0,101.0,18.0,55.0,73.0,1,2019-2020,private-onsite
VERACRUZ,BOCA DEL RÍO,UNIVERSIDAD DEL VALLE DE MÉXICO,1154.0,675.0,696.0,1371.0,289.0,298.0,587.0,1180.0,1249.0,2429.0,119.0,182.0,301.0,146.0,201.0,347.0,1,2019-2020,private-onsite
VERACRUZ,COATZACOALCOS,UNIVERSIDAD DEL VALLE DE MÉXICO,0.0,0.0,0.0,0.0,0.0,0.0,0.0,0.0,0.0,0.0,0.0,0.0,0.0,10.0,3.0,13.0,1,2019-2020,private-onsite
VERACRUZ,VERACRUZ,UNIVERSIDAD DEL VALLE DE MÉXICO,193.0,318.0,479.0,797.0,45.0,85.0,130.0,169.0,396.0,565.0,16.0,36.0,52.0,27.0,58.0,85.0,1,2019-2020,private-onsite
YUCATÁN,MÉRIDA,UNIVERSIDAD DEL VALLE DE MÉXICO,465.0,211.0,215.0,426.0,211.0,215.0,426.0,571.0,651.0,1222.0,164.0,199.0,363.0,93.0,145.0,238.0,1,2019-2020,private-onsite
AGUASCALIENTES,AGUASCALIENTES,UNIVERSIDAD DEL VALLE DE MÉXICO,23.0,9.0,14.0,23.0,9.0,14.0,23.0,64.0,80.0,144.0,12.0,15.0,27.0,12.0,15.0,27.0,1,2016-2017,private-online
BAJA CALIFORNIA,MEXICALI,UNIVERSIDAD DEL VALLE DE MÉXICO,85.0,52.0,33.0,85.0,52.0,33.0,85.0,182.0,122.0,304.0,79.0,15.0,94.0,32.0,17.0,49.0,1,2016-2017,private-online
CHIAPAS,TUXTLA GUTIÉRREZ,UNIVERSIDAD DEL VALLE DE MÉXICO,58.0,27.0,28.0,55.0,22.0,27.0,49.0,92.0,82.0,174.0,8.0,6.0,14.0,1.0,2.0,3.0,1,2016-2017,private-online
CHIHUAHUA,CHIHUAHUA,UNIVERSIDAD DEL VALLE DE MÉXICO,70.0,36.0,12.0,48.0,36.0,12.0,48.0,107.0,53.0,160.0,4.0,0.0,4.0,4.0,4.0,8.0,1,2016-2017,private-online
COAHUILA,SALTILLO,UNIVERSIDAD DEL VALLE DE MÉXICO,144.0,89.0,40.0,129.0,89.0,40.0,129.0,324.0,111.0,435.0,45.0,10.0,55.0,1.0,1.0,2.0,1,2016-2017,private-online
COAHUILA,TORREÓN,UNIVERSIDAD DEL VALLE DE MÉXICO,42.0,16.0,22.0,38.0,13.0,17.0,30.0,74.0,54.0,128.0,33.0,35.0,68.0,9.0,18.0,27.0,1,2016-2017,private-online
CIUDAD DE MÉXICO,ÁLVARO OBREGÓN,UNIVERSIDAD DEL VALLE DE MÉXICO,134.0,63.0,44.0,107.0,63.0,44.0,107.0,349.0,291.0,640.0,127.0,156.0,283.0,104.0,128.0,232.0,1,2016-2017,private-online
CIUDAD DE MÉXICO,COYOACÁN,UNIVERSIDAD DEL VALLE DE MÉXICO,120.0,59.0,46.0,105.0,61.0,50.0,111.0,249.0,219.0,468.0,50.0,50.0,100.0,43.0,65.0,108.0,1,2016-2017,private-online
CIUDAD DE MÉXICO,CUAJIMALPA DE MORELOS,UNIVERSIDAD DEL VALLE DE MÉXICO,91.0,69.0,61.0,130.0,69.0,61.0,130.0,231.0,207.0,438.0,43.0,36.0,79.0,22.0,17.0,39.0,1,2016-2017,private-online
CIUDAD DE MÉXICO,CUAUHTÉMOC,UNIVERSIDAD DEL VALLE DE MÉXICO,675.0,287.0,336.0,623.0,252.0,280.0,532.0,739.0,814.0,1553.0,114.0,134.0,248.0,66.0,70.0,136.0,1,2016-2017,private-online
CIUDAD DE MÉXICO,MIGUEL HIDALGO,UNIVERSIDAD DEL VALLE DE MÉXICO,70.0,35.0,35.0,70.0,19.0,26.0,45.0,127.0,144.0,271.0,53.0,65.0,118.0,11.0,12.0,23.0,1,2016-2017,private-online
CIUDAD DE MÉXICO,TLALPAN,UNIVERSIDAD DEL VALLE DE MÉXICO,321.0,155.0,100.0,255.0,168.0,81.0,249.0,560.0,402.0,962.0,344.0,217.0,561.0,210.0,205.0,415.0,1,2016-2017,private-online
JALISCO,SAN PEDRO TLAQUEPAQUE,UNIVERSIDAD DEL VALLE DE MÉXICO,151.0,87.0,54.0,141.0,87.0,54.0,141.0,396.0,275.0,671.0,49.0,40.0,89.0,52.0,28.0,80.0,1,2016-2017,private-online
JALISCO,ZAPOPAN,UNIVERSIDAD DEL VALLE DE MÉXICO,145.0,53.0,72.0,125.0,53.0,62.0,115.0,174.0,219.0,393.0,97.0,119.0,216.0,7.0,10.0,17.0,1,2016-2017,private-online
MÉXICO,COACALCO DE BERRIOZÁBAL,UNIVERSIDAD DEL VALLE DE MÉXICO,209.0,119.0,90.0,209.0,119.0,90.0,209.0,327.0,283.0,610.0,60.0,39.0,99.0,36.0,35.0,71.0,1,2016-2017,private-online
MÉXICO,NAUCALPAN DE JUÁREZ,UNIVERSIDAD DEL VALLE DE MÉXICO,88.0,33.0,55.0,88.0,21.0,31.0,52.0,81.0,186.0,267.0,27.0,63.0,90.0,2.0,0.0,2.0,1,2016-2017,private-online
MÉXICO,TEXCOCO,UNIVERSIDAD DEL VALLE DE MÉXICO,70.0,35.0,35.0,70.0,43.0,25.0,68.0,175.0,105.0,280.0,11.0,14.0,25.0,11.0,14.0,25.0,1,2016-2017,private-online
MORELOS,TEMIXCO,UNIVERSIDAD DEL VALLE DE MÉXICO,90.0,35.0,23.0,58.0,35.0,23.0,58.0,59.0,44.0,103.0,10.0,9.0,19.0,4.0,4.0,8.0,1,2016-2017,private-online
NUEVO LEÓN,MONTERREY,UNIVERSIDAD DEL VALLE DE MÉXICO,187.0,107.0,80.0,187.0,107.0,80.0,187.0,389.0,277.0,666.0,41.0,37.0,78.0,10.0,2.0,12.0,1,2016-2017,private-online
NUEVO LEÓN,SAN NICOLÁS DE LOS GARZA,UNIVERSIDAD DEL VALLE DE MÉXICO,185.0,72.0,49.0,121.0,60.0,40.0,100.0,397.0,198.0,595.0,62.0,15.0,77.0,37.0,12.0,49.0,1,2016-2017,private-online
PUEBLA,SAN ANDRÉS CHOLULA,UNIVERSIDAD DEL VALLE DE MÉXICO,378.0,229.0,138.0,367.0,229.0,138.0,367.0,382.0,258.0,640.0,35.0,31.0,66.0,22.0,27.0,49.0,1,2016-2017,private-online
QUERÉTARO,QUERÉTARO,UNIVERSIDAD DEL VALLE DE MÉXICO,263.0,139.0,107.0,246.0,129.0,101.0,230.0,541.0,443.0,984.0,107.0,111.0,218.0,93.0,65.0,158.0,1,2016-2017,private-online
SAN LUIS POTOSÍ,SAN LUIS POTOSÍ,UNIVERSIDAD DEL VALLE DE MÉXICO,200.0,50.0,45.0,95.0,50.0,45.0,95.0,112.0,89.0,201.0,3.0,4.0,7.0,3.0,4.0,7.0,1,2016-2017,private-online
TABASCO,CENTRO,UNIVERSIDAD DEL VALLE DE MÉXICO,18.0,6.0,12.0,18.0,6.0,12.0,18.0,32.0,64.0,96.0,0.0,0.0,0.0,0.0,0.0,0.0,1,2016-2017,private-online
VERACRUZ,BOCA DEL RÍO,UNIVERSIDAD DEL VALLE DE MÉXICO,30.0,7.0,5.0,12.0,7.0,5.0,12.0,18.0,22.0,40.0,1.0,6.0,7.0,0.0,0.0,0.0,1,2016-2017,private-online
VERACRUZ,VERACRUZ,UNIVERSIDAD DEL VALLE DE MÉXICO,30.0,6.0,7.0,13.0,6.0,7.0,13.0,17.0,27.0,44.0,3.0,2.0,5.0,0.0,0.0,0.0,1,2016-2017,private-online
YUCATÁN,MÉRIDA,UNIVERSIDAD DEL VALLE DE MÉXICO,210.0,96.0,115.0,211.0,93.0,63.0,156.0,181.0,122.0,303.0,43.0,35.0,78.0,10.0,8.0,18.0,1,2016-2017,private-online
AGUASCALIENTES,AGUASCALIENTES,UNIVERSIDAD DEL VALLE DE MÉXICO,46.0,18.0,28.0,46.0,18.0,23.0,41.0,80.0,73.0,153.0,0.0,1.0,1.0,0.0,1.0,1.0,1,2017-2018,private-online
BAJA CALIFORNIA,MEXICALI,UNIVERSIDAD DEL VALLE DE MÉXICO,80.0,43.0,25.0,68.0,35.0,21.0,56.0,189.0,111.0,300.0,22.0,14.0,36.0,15.0,7.0,22.0,1,2017-2018,private-online
CHIAPAS,TUXTLA GUTIÉRREZ,UNIVERSIDAD DEL VALLE DE MÉXICO,61.0,20.0,24.0,44.0,18.0,22.0,40.0,78.0,82.0,160.0,16.0,9.0,25.0,2.0,2.0,4.0,1,2017-2018,private-online
CHIHUAHUA,CHIHUAHUA,UNIVERSIDAD DEL VALLE DE MÉXICO,33.0,21.0,12.0,33.0,21.0,12.0,33.0,107.0,48.0,155.0,19.0,9.0,28.0,0.0,0.0,0.0,1,2017-2018,private-online
COAHUILA,SALTILLO,UNIVERSIDAD DEL VALLE DE MÉXICO,206.0,14.0,18.0,32.0,85.0,33.0,118.0,270.0,99.0,369.0,42.0,7.0,49.0,44.0,20.0,64.0,1,2017-2018,private-online
COAHUILA,TORREÓN,UNIVERSIDAD DEL VALLE DE MÉXICO,31.0,18.0,13.0,31.0,9.0,4.0,13.0,71.0,39.0,110.0,13.0,14.0,27.0,7.0,14.0,21.0,1,2017-2018,private-online
CIUDAD DE MÉXICO,ÁLVARO OBREGÓN,UNIVERSIDAD DEL VALLE DE MÉXICO,101.0,48.0,23.0,71.0,48.0,23.0,71.0,257.0,200.0,457.0,102.0,96.0,198.0,76.0,72.0,148.0,1,2017-2018,private-online
CIUDAD DE MÉXICO,COYOACÁN,UNIVERSIDAD DEL VALLE DE MÉXICO,310.0,79.0,76.0,155.0,66.0,70.0,136.0,208.0,190.0,398.0,23.0,16.0,39.0,36.0,33.0,69.0,1,2017-2018,private-online
CIUDAD DE MÉXICO,CUAJIMALPA DE MORELOS,UNIVERSIDAD DEL VALLE DE MÉXICO,130.0,19.0,21.0,40.0,19.0,21.0,40.0,131.0,144.0,275.0,33.0,26.0,59.0,19.0,16.0,35.0,1,2017-2018,private-online
CIUDAD DE MÉXICO,CUAUHTÉMOC,UNIVERSIDAD DEL VALLE DE MÉXICO,2077.0,1075.0,696.0,1771.0,1037.0,664.0,1701.0,1730.0,1307.0,3037.0,75.0,90.0,165.0,4.0,17.0,21.0,1,2017-2018,private-online
CIUDAD DE MÉXICO,MIGUEL HIDALGO,UNIVERSIDAD DEL VALLE DE MÉXICO,85.0,38.0,31.0,69.0,36.0,23.0,59.0,196.0,145.0,341.0,39.0,47.0,86.0,48.0,43.0,91.0,1,2017-2018,private-online
CIUDAD DE MÉXICO,TLALPAN,UNIVERSIDAD DEL VALLE DE MÉXICO,675.0,329.0,305.0,634.0,294.0,225.0,519.0,691.0,512.0,1203.0,284.0,256.0,540.0,217.0,228.0,445.0,1,2017-2018,private-online
JALISCO,SAN PEDRO TLAQUEPAQUE,UNIVERSIDAD DEL VALLE DE MÉXICO,196.0,0.0,0.0,0.0,90.0,67.0,157.0,394.0,259.0,653.0,69.0,53.0,122.0,26.0,19.0,45.0,1,2017-2018,private-online
JALISCO,ZAPOPAN,UNIVERSIDAD DEL VALLE DE MÉXICO,180.0,73.0,79.0,152.0,70.0,62.0,132.0,242.0,290.0,532.0,250.0,179.0,429.0,16.0,29.0,45.0,1,2017-2018,private-online
MÉXICO,COACALCO DE BERRIOZÁBAL,UNIVERSIDAD DEL VALLE DE MÉXICO,529.0,249.0,280.0,529.0,249.0,280.0,529.0,615.0,645.0,1260.0,192.0,231.0,423.0,68.0,58.0,126.0,1,2017-2018,private-online
MÉXICO,NAUCALPAN DE JUÁREZ,UNIVERSIDAD DEL VALLE DE MÉXICO,46.0,10.0,36.0,46.0,10.0,15.0,25.0,51.0,131.0,182.0,10.0,32.0,42.0,6.0,20.0,26.0,1,2017-2018,private-online
MÉXICO,TEXCOCO,UNIVERSIDAD DEL VALLE DE MÉXICO,100.0,50.0,50.0,100.0,58.0,24.0,82.0,218.0,130.0,348.0,19.0,19.0,38.0,19.0,19.0,38.0,1,2017-2018,private-online
MORELOS,TEMIXCO,UNIVERSIDAD DEL VALLE DE MÉXICO,29.0,17.0,12.0,29.0,17.0,12.0,29.0,18.0,16.0,34.0,24.0,21.0,45.0,12.0,20.0,32.0,1,2017-2018,private-online
NUEVO LEÓN,MONTERREY,UNIVERSIDAD DEL VALLE DE MÉXICO,148.0,85.0,67.0,152.0,85.0,67.0,152.0,467.0,350.0,817.0,50.0,46.0,96.0,50.0,46.0,96.0,1,2017-2018,private-online
NUEVO LEÓN,SAN NICOLÁS DE LOS GARZA,UNIVERSIDAD DEL VALLE DE MÉXICO,195.0,93.0,63.0,156.0,93.0,63.0,156.0,421.0,204.0,625.0,100.0,55.0,155.0,64.0,41.0,105.0,1,2017-2018,private-online
PUEBLA,SAN ANDRÉS CHOLULA,UNIVERSIDAD DEL VALLE DE MÉXICO,274.0,165.0,90.0,255.0,157.0,94.0,251.0,249.0,168.0,417.0,36.0,24.0,60.0,25.0,15.0,40.0,1,2017-2018,private-online
QUERÉTARO,QUERÉTARO,UNIVERSIDAD DEL VALLE DE MÉXICO,156.0,57.0,56.0,113.0,57.0,53.0,110.0,441.0,366.0,807.0,136.0,102.0,238.0,58.0,71.0,129.0,1,2017-2018,private-online
SAN LUIS POTOSÍ,SAN LUIS POTOSÍ,UNIVERSIDAD DEL VALLE DE MÉXICO,50.0,15.0,25.0,40.0,15.0,25.0,40.0,70.0,68.0,138.0,14.0,12.0,26.0,9.0,11.0,20.0,1,2017-2018,private-online
SONORA,HERMOSILLO,UNIVERSIDAD DEL VALLE DE MÉXICO,3.0,1.0,2.0,3.0,1.0,2.0,3.0,7.0,5.0,12.0,0.0,0.0,0.0,0.0,0.0,0.0,1,2017-2018,private-online
TABASCO,CENTRO,UNIVERSIDAD DEL VALLE DE MÉXICO,45.0,13.0,19.0,32.0,10.0,17.0,27.0,46.0,85.0,131.0,18.0,25.0,43.0,21.0,23.0,44.0,1,2017-2018,private-online
VERACRUZ,BOCA DEL RÍO,UNIVERSIDAD DEL VALLE DE MÉXICO,15.0,0.0,0.0,0.0,0.0,0.0,0.0,8.0,8.0,16.0,2.0,5.0,7.0,4.0,7.0,11.0,1,2017-2018,private-online
VERACRUZ,VERACRUZ,UNIVERSIDAD DEL VALLE DE MÉXICO,20.0,15.0,15.0,30.0,12.0,6.0,18.0,19.0,14.0,33.0,7.0,9.0,16.0,2.0,1.0,3.0,1,2017-2018,private-online
YUCATÁN,MÉRIDA,UNIVERSIDAD DEL VALLE DE MÉXICO,52.0,27.0,25.0,52.0,26.0,25.0,51.0,113.0,125.0,238.0,45.0,21.0,66.0,20.0,23.0,43.0,1,2017-2018,private-online
AGUASCALIENTES,AGUASCALIENTES,UNIVERSIDAD DEL VALLE DE MÉXICO,51.0,16.0,12.0,28.0,16.0,12.0,28.0,55.0,63.0,118.0,35.0,24.0,59.0,19.0,14.0,33.0,1,2018-2019,private-online
BAJA CALIFORNIA,MEXICALI,UNIVERSIDAD DEL VALLE DE MÉXICO,48.0,24.0,16.0,40.0,24.0,16.0,40.0,164.0,101.0,265.0,22.0,11.0,33.0,33.0,12.0,45.0,1,2018-2019,private-online
CHIAPAS,TUXTLA GUTIÉRREZ,UNIVERSIDAD DEL VALLE DE MÉXICO,25.0,14.0,9.0,23.0,11.0,6.0,17.0,67.0,58.0,125.0,6.0,3.0,9.0,8.0,7.0,15.0,1,2018-2019,private-online
CHIHUAHUA,CHIHUAHUA,UNIVERSIDAD DEL VALLE DE MÉXICO,22.0,16.0,6.0,22.0,16.0,6.0,22.0,92.0,45.0,137.0,12.0,6.0,18.0,7.0,8.0,15.0,1,2018-2019,private-online
COAHUILA,SALTILLO,UNIVERSIDAD DEL VALLE DE MÉXICO,61.0,36.0,25.0,61.0,36.0,25.0,61.0,203.0,91.0,294.0,42.0,8.0,50.0,12.0,1.0,13.0,1,2018-2019,private-online
COAHUILA,TORREÓN,UNIVERSIDAD DEL VALLE DE MÉXICO,33.0,46.0,40.0,86.0,12.0,7.0,19.0,67.0,36.0,103.0,18.0,10.0,28.0,17.0,28.0,45.0,1,2018-2019,private-online
CIUDAD DE MÉXICO,ÁLVARO OBREGÓN,UNIVERSIDAD DEL VALLE DE MÉXICO,69.0,33.0,30.0,63.0,33.0,30.0,63.0,186.0,164.0,350.0,70.0,84.0,154.0,52.0,63.0,115.0,1,2018-2019,private-online
CIUDAD DE MÉXICO,COYOACÁN,UNIVERSIDAD DEL VALLE DE MÉXICO,175.0,94.0,72.0,166.0,82.0,61.0,143.0,218.0,181.0,399.0,23.0,26.0,49.0,7.0,10.0,17.0,1,2018-2019,private-online
CIUDAD DE MÉXICO,CUAJIMALPA DE MORELOS,UNIVERSIDAD DEL VALLE DE MÉXICO,77.0,38.0,33.0,71.0,38.0,33.0,71.0,151.0,150.0,301.0,0.0,0.0,0.0,22.0,23.0,45.0,1,2018-2019,private-online
CIUDAD DE MÉXICO,CUAUHTÉMOC,UNIVERSIDAD DEL VALLE DE MÉXICO,2268.0,1221.0,840.0,2061.0,1140.0,751.0,1891.0,2802.0,1986.0,4788.0,113.0,182.0,295.0,26.0,25.0,51.0,1,2018-2019,private-online
CIUDAD DE MÉXICO,MIGUEL HIDALGO,UNIVERSIDAD DEL VALLE DE MÉXICO,41.0,12.0,21.0,33.0,7.0,13.0,20.0,106.0,90.0,196.0,33.0,23.0,56.0,54.0,41.0,95.0,1,2018-2019,private-online
CIUDAD DE MÉXICO,TLALPAN,UNIVERSIDAD DEL VALLE DE MÉXICO,627.0,329.0,285.0,614.0,313.0,241.0,554.0,625.0,475.0,1100.0,114.0,76.0,190.0,162.0,85.0,247.0,1,2018-2019,private-online
JALISCO,SAN PEDRO TLAQUEPAQUE,UNIVERSIDAD DEL VALLE DE MÉXICO,116.0,55.0,42.0,97.0,55.0,42.0,97.0,151.0,136.0,287.0,27.0,24.0,51.0,39.0,46.0,85.0,1,2018-2019,private-online
JALISCO,ZAPOPAN,UNIVERSIDAD DEL VALLE DE MÉXICO,98.0,36.0,26.0,62.0,24.0,23.0,47.0,98.0,148.0,246.0,20.0,14.0,34.0,4.0,1.0,5.0,1,2018-2019,private-online
MÉXICO,COACALCO DE BERRIOZÁBAL,UNIVERSIDAD DEL VALLE DE MÉXICO,190.0,182.0,216.0,398.0,92.0,98.0,190.0,423.0,574.0,997.0,32.0,47.0,79.0,9.0,9.0,18.0,1,2018-2019,private-online
MÉXICO,NAUCALPAN DE JUÁREZ,UNIVERSIDAD DEL VALLE DE MÉXICO,45.0,17.0,20.0,37.0,17.0,20.0,37.0,147.0,186.0,333.0,29.0,47.0,76.0,22.0,35.0,57.0,1,2018-2019,private-online
MÉXICO,TEXCOCO,UNIVERSIDAD DEL VALLE DE MÉXICO,80.0,40.0,40.0,80.0,30.0,26.0,56.0,122.0,104.0,226.0,15.0,12.0,27.0,26.0,22.0,48.0,1,2018-2019,private-online
MORELOS,TEMIXCO,UNIVERSIDAD DEL VALLE DE MÉXICO,33.0,5.0,8.0,13.0,5.0,8.0,13.0,10.0,11.0,21.0,39.0,39.0,78.0,34.0,35.0,69.0,1,2018-2019,private-online
NUEVO LEÓN,MONTERREY,UNIVERSIDAD DEL VALLE DE MÉXICO,137.0,87.0,50.0,137.0,87.0,50.0,137.0,464.0,292.0,756.0,108.0,74.0,182.0,15.0,13.0,28.0,1,2018-2019,private-online
NUEVO LEÓN,SAN NICOLÁS DE LOS GARZA,UNIVERSIDAD DEL VALLE DE MÉXICO,194.0,102.0,79.0,181.0,96.0,78.0,174.0,443.0,213.0,656.0,130.0,56.0,186.0,82.0,44.0,126.0,1,2018-2019,private-online
PUEBLA,SAN ANDRÉS CHOLULA,UNIVERSIDAD DEL VALLE DE MÉXICO,119.0,85.0,34.0,119.0,85.0,34.0,119.0,223.0,112.0,335.0,25.0,30.0,55.0,34.0,52.0,86.0,1,2018-2019,private-online
QUERÉTARO,QUERÉTARO,UNIVERSIDAD DEL VALLE DE MÉXICO,170.0,73.0,54.0,127.0,73.0,54.0,127.0,450.0,334.0,784.0,103.0,118.0,221.0,113.0,81.0,194.0,1,2018-2019,private-online
SAN LUIS POTOSÍ,SAN LUIS POTOSÍ,UNIVERSIDAD DEL VALLE DE MÉXICO,49.0,22.0,27.0,49.0,22.0,24.0,46.0,97.0,69.0,166.0,19.0,17.0,36.0,15.0,15.0,30.0,1,2018-2019,private-online
SONORA,HERMOSILLO,UNIVERSIDAD DEL VALLE DE MÉXICO,0.0,0.0,0.0,0.0,0.0,0.0,0.0,0.0,1.0,1.0,1.0,0.0,1.0,1.0,0.0,1.0,1,2018-2019,private-online
TABASCO,CENTRO,UNIVERSIDAD DEL VALLE DE MÉXICO,14.0,7.0,6.0,13.0,7.0,6.0,13.0,31.0,52.0,83.0,16.0,23.0,39.0,5.0,4.0,9.0,1,2018-2019,private-online
VERACRUZ,BOCA DEL RÍO,UNIVERSIDAD DEL VALLE DE MÉXICO,20.0,135.0,98.0,233.0,0.0,0.0,0.0,4.0,7.0,11.0,3.0,4.0,7.0,0.0,3.0,3.0,1,2018-2019,private-online
VERACRUZ,VERACRUZ,UNIVERSIDAD DEL VALLE DE MÉXICO,20.0,182.0,211.0,393.0,10.0,6.0,16.0,22.0,13.0,35.0,2.0,5.0,7.0,3.0,1.0,4.0,1,2018-2019,private-online
YUCATÁN,MÉRIDA,UNIVERSIDAD DEL VALLE DE MÉXICO,82.0,35.0,39.0,74.0,35.0,39.0,74.0,124.0,115.0,239.0,29.0,27.0,56.0,29.0,27.0,56.0,1,2018-2019,private-online
AGUASCALIENTES,AGUASCALIENTES,UNIVERSIDAD DEL VALLE DE MÉXICO,25.0,12.0,9.0,21.0,12.0,9.0,21.0,76.0,69.0,145.0,14.0,28.0,42.0,6.0,18.0,24.0,1,2019-2020,private-online
BAJA CALIFORNIA,MEXICALI,UNIVERSIDAD DEL VALLE DE MÉXICO,41.0,27.0,7.0,34.0,27.0,7.0,34.0,137.0,77.0,214.0,24.0,14.0,38.0,29.0,13.0,42.0,1,2019-2020,private-online
CHIAPAS,TUXTLA GUTIÉRREZ,UNIVERSIDAD DEL VALLE DE MÉXICO,45.0,23.0,27.0,50.0,23.0,23.0,46.0,79.0,88.0,167.0,41.0,58.0,99.0,13.0,15.0,28.0,1,2019-2020,private-online
CHIHUAHUA,CHIHUAHUA,UNIVERSIDAD DEL VALLE DE MÉXICO,82.0,31.0,51.0,82.0,31.0,51.0,82.0,149.0,141.0,290.0,26.0,19.0,45.0,22.0,17.0,39.0,1,2019-2020,private-online
CIUDAD DE MÉXICO,COYOACÁN,UNIVERSIDAD DEL VALLE DE MÉXICO,60.0,32.0,19.0,51.0,32.0,19.0,51.0,165.0,124.0,289.0,11.0,6.0,17.0,12.0,9.0,21.0,1,2019-2020,private-online
CIUDAD DE MÉXICO,CUAJIMALPA DE MORELOS,UNIVERSIDAD DEL VALLE DE MÉXICO,149.0,51.0,56.0,107.0,51.0,56.0,107.0,180.0,193.0,373.0,25.0,48.0,73.0,37.0,42.0,79.0,1,2019-2020,private-online
CIUDAD DE MÉXICO,CUAUHTÉMOC,UNIVERSIDAD DEL VALLE DE MÉXICO,18.0,10.0,8.0,18.0,4.0,2.0,6.0,38.0,11.0,49.0,10.0,1.0,11.0,3.0,0.0,3.0,1,2019-2020,private-online
CIUDAD DE MÉXICO,CUAUHTÉMOC,UNIVERSIDAD DEL VALLE DE MÉXICO,14037.0,5640.0,6437.0,12077.0,5639.0,6437.0,12076.0,6534.0,7276.0,13810.0,255.0,271.0,526.0,135.0,144.0,279.0,1,2019-2020,private-online
CIUDAD DE MÉXICO,MIGUEL HIDALGO,UNIVERSIDAD DEL VALLE DE MÉXICO,128.0,46.0,62.0,108.0,44.0,62.0,106.0,111.0,158.0,269.0,37.0,29.0,66.0,7.0,10.0,17.0,1,2019-2020,private-online
CIUDAD DE MÉXICO,TLALPAN,UNIVERSIDAD DEL VALLE DE MÉXICO,277.0,138.0,107.0,245.0,130.0,96.0,226.0,399.0,316.0,715.0,98.0,70.0,168.0,65.0,35.0,100.0,1,2019-2020,private-online
CIUDAD DE MÉXICO,ÁLVARO OBREGÓN,UNIVERSIDAD DEL VALLE DE MÉXICO,88.0,48.0,40.0,88.0,40.0,23.0,63.0,292.0,253.0,545.0,131.0,122.0,253.0,91.0,77.0,168.0,1,2019-2020,private-online
COAHUILA,SALTILLO,UNIVERSIDAD DEL VALLE DE MÉXICO,48.0,26.0,7.0,33.0,24.0,5.0,29.0,155.0,73.0,228.0,44.0,20.0,64.0,16.0,15.0,31.0,1,2019-2020,private-online
COAHUILA,TORREÓN,UNIVERSIDAD DEL VALLE DE MÉXICO,16.0,10.0,10.0,20.0,8.0,7.0,15.0,36.0,20.0,56.0,14.0,10.0,24.0,12.0,11.0,23.0,1,2019-2020,private-online
JALISCO,SAN PEDRO TLAQUEPAQUE,UNIVERSIDAD DEL VALLE DE MÉXICO,180.0,76.0,41.0,117.0,60.0,36.0,96.0,271.0,193.0,464.0,77.0,72.0,149.0,44.0,51.0,95.0,1,2019-2020,private-online
JALISCO,ZAPOPAN,UNIVERSIDAD DEL VALLE DE MÉXICO,90.0,27.0,45.0,72.0,23.0,31.0,54.0,106.0,150.0,256.0,27.0,42.0,69.0,25.0,62.0,87.0,1,2019-2020,private-online
MORELOS,TEMIXCO,UNIVERSIDAD DEL VALLE DE MÉXICO,22.0,9.0,13.0,22.0,9.0,13.0,22.0,20.0,17.0,37.0,18.0,9.0,27.0,6.0,3.0,9.0,1,2019-2020,private-online
MÉXICO,COACALCO DE BERRIOZÁBAL,UNIVERSIDAD DEL VALLE DE MÉXICO,193.0,120.0,76.0,196.0,117.0,76.0,193.0,599.0,575.0,1174.0,53.0,58.0,111.0,30.0,33.0,63.0,1,2019-2020,private-online
MÉXICO,CUAUTITLÁN IZCALLI,UNIVERSIDAD DEL VALLE DE MÉXICO,150.0,88.0,58.0,146.0,81.0,48.0,129.0,132.0,105.0,237.0,20.0,16.0,36.0,11.0,11.0,22.0,1,2019-2020,private-online
MÉXICO,NAUCALPAN DE JUÁREZ,UNIVERSIDAD DEL VALLE DE MÉXICO,100.0,33.0,48.0,81.0,31.0,40.0,71.0,151.0,198.0,349.0,148.0,114.0,262.0,85.0,85.0,170.0,1,2019-2020,private-online
MÉXICO,TEXCOCO,UNIVERSIDAD DEL VALLE DE MÉXICO,70.0,35.0,35.0,70.0,26.0,28.0,54.0,101.0,89.0,190.0,25.0,11.0,36.0,25.0,11.0,36.0,1,2019-2020,private-online
NUEVO LEÓN,MONTERREY,UNIVERSIDAD DEL VALLE DE MÉXICO,104.0,51.0,53.0,104.0,51.0,53.0,104.0,189.0,347.0,536.0,70.0,119.0,189.0,36.0,77.0,113.0,1,2019-2020,private-online
NUEVO LEÓN,SAN NICOLÁS DE LOS GARZA,UNIVERSIDAD DEL VALLE DE MÉXICO,241.0,92.0,68.0,160.0,98.0,69.0,167.0,414.0,284.0,698.0,116.0,109.0,225.0,82.0,80.0,162.0,1,2019-2020,private-online
PUEBLA,SAN ANDRÉS CHOLULA,UNIVERSIDAD DEL VALLE DE MÉXICO,152.0,115.0,84.0,199.0,93.0,58.0,151.0,259.0,170.0,429.0,40.0,17.0,57.0,39.0,34.0,73.0,1,2019-2020,private-online
QUERÉTARO,QUERÉTARO,UNIVERSIDAD DEL VALLE DE MÉXICO,155.0,86.0,77.0,163.0,86.0,77.0,163.0,432.0,363.0,795.0,183.0,145.0,328.0,119.0,99.0,218.0,1,2019-2020,private-online
SAN LUIS POTOSÍ,SAN LUIS POTOSÍ,UNIVERSIDAD DEL VALLE DE MÉXICO,85.0,19.0,32.0,51.0,17.0,31.0,48.0,85.0,117.0,202.0,36.0,47.0,83.0,96.0,120.0,216.0,1,2019-2020,private-online
SONORA,HERMOSILLO,UNIVERSIDAD DEL VALLE DE MÉXICO,1.0,0.0,1.0,1.0,0.0,1.0,1.0,1.0,4.0,5.0,0.0,1.0,1.0,0.0,1.0,1.0,1,2019-2020,private-online
SONORA,NOGALES,UNIVERSIDAD DEL VALLE DE MÉXICO,15.0,4.0,5.0,9.0,4.0,5.0,9.0,17.0,14.0,31.0,1.0,15.0,16.0,1.0,15.0,16.0,1,2019-2020,private-online
TABASCO,CENTRO,UNIVERSIDAD DEL VALLE DE MÉXICO,16.0,5.0,5.0,10.0,5.0,5.0,10.0,48.0,52.0,100.0,25.0,35.0,60.0,7.0,14.0,21.0,1,2019-2020,private-online
TAMAULIPAS,REYNOSA,UNIVERSIDAD DEL VALLE DE MÉXICO,14.0,10.0,4.0,14.0,10.0,4.0,14.0,29.0,32.0,61.0,30.0,23.0,53.0,11.0,10.0,21.0,1,2019-2020,private-online
TAMAULIPAS,TAMPICO,UNIVERSIDAD DEL VALLE DE MÉXICO,15.0,6.0,9.0,15.0,5.0,8.0,13.0,28.0,35.0,63.0,12.0,30.0,42.0,11.0,18.0,29.0,1,2019-2020,private-online
VERACRUZ,BOCA DEL RÍO,UNIVERSIDAD DEL VALLE DE MÉXICO,15.0,8.0,2.0,10.0,0.0,0.0,0.0,3.0,3.0,6.0,3.0,2.0,5.0,2.0,0.0,2.0,1,2019-2020,private-online
VERACRUZ,VERACRUZ,UNIVERSIDAD DEL VALLE DE MÉXICO,15.0,5.0,5.0,10.0,0.0,0.0,0.0,7.0,7.0,14.0,4.0,5.0,9.0,1.0,2.0,3.0,1,2019-2020,private-online
YUCATÁN,MÉRIDA,UNIVERSIDAD DEL VALLE DE MÉXICO,88.0,50.0,39.0,89.0,50.0,39.0,89.0,100.0,95.0,195.0,83.0,67.0,150.0,52.0,52.0,104.0,1,2019-2020,private-online
